{"Episode/rew_action_rate": -0.010319538414478302, "Episode/rew_action_smoothness": -0.009312939830124378, "Episode/rew_ang_vel_xy": -0.016261931508779526, "Episode/rew_base_acc": -0.006987178232520819, "Episode/rew_base_height": -0.0002182810421800241, "Episode/rew_dof_acc": -0.019957689568400383, "Episode/rew_feet_air_time": -0.04620905965566635, "Episode/rew_feet_contact_forces": -0.0004392738628666848, "Episode/rew_foot_clearance": -0.019182048738002777, "Episode/rew_foot_slip": -0.14291206002235413, "Episode/rew_hip_pos": -0.009954414330422878, "Episode/rew_lin_vel_z": -0.009638113901019096, "Episode/rew_low_speed": 0.17881295084953308, "Episode/rew_orientation_eular": 0.11341607570648193, "Episode/rew_powers": -0.0012541408650577068, "Episode/rew_stand_still": -0.0006051870295777917, "Episode/rew_track_vel_hard": 0.24377450346946716, "Episode/rew_tracking_ang_vel": 0.45732754468917847, "Episode/rew_tracking_lin_vel": 0.9944132566452026, "Episode/rew_vel_mismatch_exp": 0.17740032076835632, "Episode/cost_acc_smoothness": 0.018434790894389153, "Episode/cost_base_height": 0.0002182810421800241, "Episode/cost_collision": 0.0007284301682375371, "Episode/cost_dof_vel_limits": 0.0, "Episode/cost_feet_air_time": 0.0, "Episode/cost_hip_pos": 0.019908828660845757, "Episode/cost_pos_limit": 0.00018703704699873924, "Episode/cost_stand_still": 0.060518693178892136, "Episode/cost_torque_limit": 0.0, "Loss/value_function": 0.0023360300110653043, "Loss/surrogate": -0.0061518339323811235, "Loss/learning_rate": 3.3750000000000014e-05, "Perf/total_fps": 30450, "Perf/collection time": 0.6440799236297607, "Perf/learning_time": 0.9700610637664795, "Std/mean_std": 0.0601830892264843, "Std/std_dim_0": 0.050783075392246246, "Std/std_dim_1": 0.07415442913770676, "Std/std_dim_2": 0.06419295072555542, "Std/std_dim_3": 0.051411230117082596, "Std/std_dim_4": 0.07200593501329422, "Std/std_dim_5": 0.061016619205474854, "Std/std_dim_6": 0.04925878345966339, "Std/std_dim_7": 0.05393123999238014, "Std/std_dim_8": 0.06786485016345978, "Std/std_dim_9": 0.047164466232061386, "Std/std_dim_10": 0.06381136924028397, "Std/std_dim_11": 0.06660214066505432, "Train/mean_reward": 37.547415542602536, "Train/mean_episode_length": 1002.0, "_timestamp": 1733733188, "_runtime": 10088, "_step": 5999, "_wandb": {"runtime": 10088}}