{"Episode/rew_action_rate": -0.00340869277715683, "Episode/rew_action_smoothness": -0.004678067285567522, "Episode/rew_ang_vel_xy": -0.0032074262853711843, "Episode/rew_base_acc": -0.007794286124408245, "Episode/rew_base_height": -0.0021949252113699913, "Episode/rew_dof_acc": -0.0003449168289080262, "Episode/rew_feet_air_time": -0.016468197107315063, "Episode/rew_feet_contact_forces": 0.0, "Episode/rew_foot_clearance": -0.0012786247534677386, "Episode/rew_foot_slip": -0.060173701494932175, "Episode/rew_hip_pos": -0.13498835265636444, "Episode/rew_lin_vel_z": -0.00281331199221313, "Episode/rew_low_speed": -0.12651537358760834, "Episode/rew_orientation_eular": 0.016826998442411423, "Episode/rew_powers": -0.00016347650671377778, "Episode/rew_stand_still": -0.0013316466938704252, "Episode/rew_track_vel_hard": -0.03162506967782974, "Episode/rew_tracking_ang_vel": 0.14483895897865295, "Episode/rew_tracking_lin_vel": 0.4617387056350708, "Episode/rew_vel_mismatch_exp": 0.11005844920873642, "Episode/cost_acc_smoothness": 0.0, "Episode/cost_base_height": 0.0021949252113699913, "Episode/cost_collision": 0.03348982334136963, "Episode/cost_dof_vel_limits": 0.0, "Episode/cost_feet_air_time": 0.0, "Episode/cost_hip_pos": 0.2699767053127289, "Episode/cost_pos_limit": 0.3522009253501892, "Episode/cost_stand_still": 0.1331646740436554, "Episode/cost_torque_limit": 0.0, "Loss/value_function": 0.0035154894459992645, "Loss/surrogate": -0.005251714843325317, "Loss/learning_rate": 1.0000000000000003e-05, "Perf/total_fps": 23242, "Perf/collection time": 0.5424389839172363, "Perf/learning_time": 0.5149157047271729, "Std/mean_std": 0.08719637989997864, "Std/std_dim_0": 0.08267151564359665, "Std/std_dim_1": 0.10148157179355621, "Std/std_dim_2": 0.0685625746846199, "Std/std_dim_3": 0.07023660093545914, "Std/std_dim_4": 0.10346763581037521, "Std/std_dim_5": 0.07744313031435013, "Std/std_dim_6": 0.09773756563663483, "Std/std_dim_7": 0.09356159716844559, "Std/std_dim_8": 0.09075542539358139, "Std/std_dim_9": 0.08350551128387451, "Std/std_dim_10": 0.10546242445707321, "Std/std_dim_11": 0.07147105038166046, "Train/mean_reward": 8.076674683354796, "Train/mean_episode_length": 568.37, "_timestamp": 1733200203, "_runtime": 6689, "_step": 5999, "_wandb": {"runtime": 6689}}