{"Episode/rew_action_rate": -0.0009676252375356853, "Episode/rew_action_smoothness": -0.002263277070596814, "Episode/rew_ang_vel_xy": -0.003851069137454033, "Episode/rew_base_acc": -2.083543904518592e-06, "Episode/rew_base_height": -3.7025569326942787e-05, "Episode/rew_dof_acc": -0.0012134707067161798, "Episode/rew_feet_air_time": -0.0022149120923131704, "Episode/rew_feet_contact_forces": -7.241514686029404e-05, "Episode/rew_foot_clearance": -0.0001369859674014151, "Episode/rew_foot_slip": -0.0006781538832001388, "Episode/rew_hip_pos": -6.894439866300672e-05, "Episode/rew_lin_vel_z": -0.0005804609972983599, "Episode/rew_low_speed": -0.0009479172294959426, "Episode/rew_orientation_eular": 0.00031343166483566165, "Episode/rew_powers": -2.003253757720813e-05, "Episode/rew_stand_still": -3.121574764008983e-06, "Episode/rew_track_vel_hard": -0.0006494700792245567, "Episode/rew_tracking_ang_vel": 0.0007152179605327547, "Episode/rew_tracking_lin_vel": 0.0041569070890545845, "Episode/rew_vel_mismatch_exp": 0.0005135232931934297, "Episode/cost_acc_smoothness": 0.04700145125389099, "Episode/cost_base_height": 3.7025569326942787e-05, "Episode/cost_collision": 0.001309783081524074, "Episode/cost_dof_vel_limits": 2.585391303000506e-05, "Episode/cost_feet_air_time": 0.0, "Episode/cost_hip_pos": 0.00013788879732601345, "Episode/cost_pos_limit": 2.3514008717029355e-05, "Episode/cost_stand_still": 0.00031215749913826585, "Episode/cost_torque_limit": 0.0, "Loss/value_function": 2.2954370706429472e-05, "Loss/surrogate": -0.014324458071496338, "Loss/learning_rate": 1e-05, "Perf/total_fps": 5571, "Perf/collection time": 3.881887912750244, "Perf/learning_time": 0.5290408134460449, "Std/mean_std": 0.8849596977233887, "Std/std_dim_0": 0.8664262890815735, "Std/std_dim_1": 0.9230999946594238, "Std/std_dim_2": 0.8857343792915344, "Std/std_dim_3": 0.873081386089325, "Std/std_dim_4": 0.8931620717048645, "Std/std_dim_5": 0.8834275007247925, "Std/std_dim_6": 0.8716831207275391, "Std/std_dim_7": 0.8787797093391418, "Std/std_dim_8": 0.889724612236023, "Std/std_dim_9": 0.866517961025238, "Std/std_dim_10": 0.8965332508087158, "Std/std_dim_11": 0.8913463950157166, "Train/mean_reward": 0.0056677423813380305, "Train/mean_episode_length": 5.21, "_timestamp": 1733209359, "_runtime": 45, "_step": 8, "_wandb": {"runtime": 48}}