{"Episode/rew_action_rate": -0.0008386470144614577, "Episode/rew_action_smoothness": -0.0018008658662438393, "Episode/rew_ang_vel_xy": -0.0037145118694752455, "Episode/rew_base_acc": -1.2260289850019035e-06, "Episode/rew_base_height": -1.3788488104182761e-05, "Episode/rew_dof_acc": -0.000763098883908242, "Episode/rew_feet_air_time": -0.0018321339739486575, "Episode/rew_feet_contact_forces": -2.4360595489270054e-05, "Episode/rew_foot_clearance": -6.694093463011086e-05, "Episode/rew_foot_slip": -0.00032773654675111175, "Episode/rew_hip_pos": -3.7713492929469794e-05, "Episode/rew_lin_vel_z": -0.0013063832884654403, "Episode/rew_low_speed": -0.0007162887486629188, "Episode/rew_orientation_eular": 0.000230989811825566, "Episode/rew_powers": -1.887724647531286e-05, "Episode/rew_stand_still": -3.428383479331387e-06, "Episode/rew_track_vel_hard": -0.0005013587651774287, "Episode/rew_tracking_ang_vel": 0.0004964064573869109, "Episode/rew_tracking_lin_vel": 0.003059494076296687, "Episode/rew_vel_mismatch_exp": 0.00026332074776291847, "Episode/cost_acc_smoothness": 0.022685769945383072, "Episode/cost_base_height": 1.3788488104182761e-05, "Episode/cost_collision": 0.0024789529852569103, "Episode/cost_dof_vel_limits": 1.4913739505573176e-05, "Episode/cost_feet_air_time": 0.0, "Episode/cost_hip_pos": 7.542698585893959e-05, "Episode/cost_pos_limit": 1.5183411960606463e-05, "Episode/cost_stand_still": 0.00034283832064829767, "Episode/cost_torque_limit": 0.0, "Loss/value_function": 0.0002902881136833457, "Loss/surrogate": -0.020941241213586183, "Loss/learning_rate": 0.0017085937499999998, "Perf/total_fps": 5581, "Perf/collection time": 3.88503360748291, "Perf/learning_time": 0.5183091163635254, "Std/mean_std": 0.9688186645507812, "Std/std_dim_0": 0.9782967567443848, "Std/std_dim_1": 0.964583158493042, "Std/std_dim_2": 0.9561630487442017, "Std/std_dim_3": 0.9836068153381348, "Std/std_dim_4": 0.9596615433692932, "Std/std_dim_5": 0.9714455604553223, "Std/std_dim_6": 0.9725130796432495, "Std/std_dim_7": 0.9657642841339111, "Std/std_dim_8": 0.969548225402832, "Std/std_dim_9": 0.9686318039894104, "Std/std_dim_10": 0.973004162311554, "Std/std_dim_11": 0.9626063704490662, "Train/mean_reward": 0.0030785729340277613, "Train/mean_episode_length": 3.13, "_timestamp": 1733209238, "_runtime": 23, "_step": 3, "_wandb": {"runtime": 26}}