{"Episode/rew_action_rate": -0.014139456674456596, "Episode/rew_action_smoothness": -0.016958903521299362, "Episode/rew_ang_vel_xy": -0.026501283049583435, "Episode/rew_base_acc": -0.005452555604279041, "Episode/rew_base_height": -0.00025815548724494874, "Episode/rew_dof_acc": -0.023337069898843765, "Episode/rew_feet_air_time": -0.01830221340060234, "Episode/rew_feet_contact_forces": -8.283223905891646e-06, "Episode/rew_foot_clearance": -0.002123485319316387, "Episode/rew_foot_slip": -0.13240645825862885, "Episode/rew_hip_pos": -0.011253315024077892, "Episode/rew_lin_vel_z": -0.008382521569728851, "Episode/rew_low_speed": 0.12496241182088852, "Episode/rew_orientation_eular": 0.0944586992263794, "Episode/rew_powers": -0.00029511621687561274, "Episode/rew_stand_still": -0.00458973553031683, "Episode/rew_track_vel_hard": 0.12394940853118896, "Episode/rew_tracking_ang_vel": 0.43037495017051697, "Episode/rew_tracking_lin_vel": 0.9560990333557129, "Episode/rew_vel_mismatch_exp": 0.16300901770591736, "Episode/cost_acc_smoothness": 1.1187539100646973, "Episode/cost_base_height": 0.00025815548724494874, "Episode/cost_collision": 0.0, "Episode/cost_dof_vel_limits": 0.0, "Episode/cost_feet_air_time": 0.0, "Episode/cost_hip_pos": 0.022506630048155785, "Episode/cost_pos_limit": 0.007729166187345982, "Episode/cost_stand_still": 0.4589737057685852, "Episode/cost_torque_limit": 0.0, "Loss/value_function": 0.005449226300697774, "Loss/surrogate": -0.008045420439520968, "Loss/learning_rate": 2.2500000000000008e-05, "Perf/total_fps": 23393, "Perf/collection time": 0.5313715934753418, "Perf/learning_time": 0.5191752910614014, "Std/mean_std": 0.11154275387525558, "Std/std_dim_0": 0.09732190519571304, "Std/std_dim_1": 0.12421964854001999, "Std/std_dim_2": 0.1262451410293579, "Std/std_dim_3": 0.08841844648122787, "Std/std_dim_4": 0.12306235730648041, "Std/std_dim_5": 0.10997013747692108, "Std/std_dim_6": 0.09279020875692368, "Std/std_dim_7": 0.12493899464607239, "Std/std_dim_8": 0.10513724386692047, "Std/std_dim_9": 0.1068727970123291, "Std/std_dim_10": 0.12154065072536469, "Std/std_dim_11": 0.11799544095993042, "Train/mean_reward": 32.425173236727716, "Train/mean_episode_length": 978.59, "_timestamp": 1733208921, "_runtime": 6900, "_step": 5999, "_wandb": {"runtime": 6901}}