{"Episode/rew_action_rate": -0.0009173714788630605, "Episode/rew_action_smoothness": -0.0020138665568083525, "Episode/rew_ang_vel_xy": -0.003754275618121028, "Episode/rew_base_acc": -1.5248579074977897e-06, "Episode/rew_base_height": -2.7691596187651157e-05, "Episode/rew_dof_acc": -0.001025842735543847, "Episode/rew_feet_air_time": -0.0017269582021981478, "Episode/rew_feet_contact_forces": -6.382457650033757e-05, "Episode/rew_foot_clearance": -0.00010055451275547966, "Episode/rew_foot_slip": -0.0005199251463636756, "Episode/rew_hip_pos": -4.9159170885104686e-05, "Episode/rew_lin_vel_z": -0.00048791890731081367, "Episode/rew_low_speed": -0.0007599052041769028, "Episode/rew_orientation_eular": 0.0002503251889720559, "Episode/rew_powers": -1.7815533283283003e-05, "Episode/rew_stand_still": -2.6381362658867147e-06, "Episode/rew_track_vel_hard": -0.0005093965446576476, "Episode/rew_tracking_ang_vel": 0.0005375455366447568, "Episode/rew_tracking_lin_vel": 0.003187432885169983, "Episode/rew_vel_mismatch_exp": 0.00038579385727643967, "Episode/cost_acc_smoothness": 0.0403735525906086, "Episode/cost_base_height": 2.7691596187651157e-05, "Episode/cost_collision": 0.0012700030347332358, "Episode/cost_dof_vel_limits": 2.653355841175653e-05, "Episode/cost_feet_air_time": 0.0, "Episode/cost_hip_pos": 9.831834177020937e-05, "Episode/cost_pos_limit": 1.771358620317187e-05, "Episode/cost_stand_still": 0.0002638136502355337, "Episode/cost_torque_limit": 0.0, "Loss/value_function": 0.00013152138908480992, "Loss/surrogate": -0.015719664638163523, "Loss/learning_rate": 0.0011390624999999999, "Perf/total_fps": 5526, "Perf/collection time": 3.916064739227295, "Perf/learning_time": 0.5310678482055664, "Std/mean_std": 0.9877033233642578, "Std/std_dim_0": 0.9856353998184204, "Std/std_dim_1": 0.9913081526756287, "Std/std_dim_2": 0.985328733921051, "Std/std_dim_3": 0.9896125197410583, "Std/std_dim_4": 0.9836371541023254, "Std/std_dim_5": 0.9852620959281921, "Std/std_dim_6": 0.987416684627533, "Std/std_dim_7": 0.98684161901474, "Std/std_dim_8": 0.9847590923309326, "Std/std_dim_9": 0.9875916838645935, "Std/std_dim_10": 0.991843581199646, "Std/std_dim_11": 0.9932032823562622, "Train/mean_reward": 0.004008400996681303, "Train/mean_episode_length": 4.02, "_timestamp": 1733209515, "_runtime": 13, "_step": 1, "_wandb": {"runtime": 14}}