{"Episode/rew_action_rate": -0.009538480080664158, "Episode/rew_action_smoothness": -0.008491952903568745, "Episode/rew_ang_vel_xy": -0.016552183777093887, "Episode/rew_base_acc": -0.006566430442035198, "Episode/rew_base_height": -0.0003673046303447336, "Episode/rew_dof_acc": -0.01847594603896141, "Episode/rew_feet_air_time": -0.054925840348005295, "Episode/rew_feet_contact_forces": -0.00019765752949751914, "Episode/rew_foot_clearance": -0.017865745350718498, "Episode/rew_foot_slip": -0.15606823563575745, "Episode/rew_hip_pos": -0.007995542138814926, "Episode/rew_lin_vel_z": -0.01036307867616415, "Episode/rew_low_speed": 0.18722209334373474, "Episode/rew_orientation_eular": 0.1066686362028122, "Episode/rew_powers": -0.0011078445240855217, "Episode/rew_stand_still": -0.0006635119207203388, "Episode/rew_track_vel_hard": 0.21928301453590393, "Episode/rew_tracking_ang_vel": 0.45213383436203003, "Episode/rew_tracking_lin_vel": 0.9932727217674255, "Episode/rew_vel_mismatch_exp": 0.17384031414985657, "Episode/cost_acc_smoothness": 0.019466537982225418, "Episode/cost_base_height": 0.0003673046303447336, "Episode/cost_collision": 0.000800000037997961, "Episode/cost_dof_vel_limits": 0.0, "Episode/cost_feet_air_time": 0.0, "Episode/cost_hip_pos": 0.015991084277629852, "Episode/cost_pos_limit": 0.0, "Episode/cost_stand_still": 0.06635120511054993, "Episode/cost_torque_limit": 0.0, "Loss/value_function": 0.0018109812459442764, "Loss/surrogate": -0.005114006891380996, "Loss/learning_rate": 2.962962962962963e-05, "Perf/total_fps": 29157, "Perf/collection time": 0.6811964511871338, "Perf/learning_time": 1.0045413970947266, "Std/mean_std": 0.06593252718448639, "Std/std_dim_0": 0.05789527669548988, "Std/std_dim_1": 0.07690335810184479, "Std/std_dim_2": 0.06597647815942764, "Std/std_dim_3": 0.05669407919049263, "Std/std_dim_4": 0.07907342910766602, "Std/std_dim_5": 0.07076107710599899, "Std/std_dim_6": 0.05155446380376816, "Std/std_dim_7": 0.06415009498596191, "Std/std_dim_8": 0.07253392040729523, "Std/std_dim_9": 0.052789170295000076, "Std/std_dim_10": 0.07074417173862457, "Std/std_dim_11": 0.07211480289697647, "Train/mean_reward": 36.48758647918701, "Train/mean_episode_length": 1002.0, "_timestamp": 1733212950, "_runtime": 3272, "_step": 1876}