{"Episode/rew_action_rate": -0.0010120508959516883, "Episode/rew_action_smoothness": -0.0022997604683041573, "Episode/rew_ang_vel_xy": -0.003824265208095312, "Episode/rew_base_acc": -2.5138006094493903e-06, "Episode/rew_base_height": -6.1579848988913e-05, "Episode/rew_dof_acc": -0.001965584931895137, "Episode/rew_feet_air_time": -0.0015478574205189943, "Episode/rew_feet_contact_forces": -0.0002540569403208792, "Episode/rew_foot_clearance": -0.0002450692991260439, "Episode/rew_foot_slip": -0.0003527981461957097, "Episode/rew_hip_pos": -8.672547846799716e-05, "Episode/rew_lin_vel_z": -0.0017644393956288695, "Episode/rew_low_speed": -0.0008248077938333154, "Episode/rew_orientation_eular": 0.00030256356694735587, "Episode/rew_powers": -2.172190579585731e-05, "Episode/rew_stand_still": -3.697495913002058e-06, "Episode/rew_track_vel_hard": -0.0005380857037380338, "Episode/rew_tracking_ang_vel": 0.0006342181004583836, "Episode/rew_tracking_lin_vel": 0.003553055226802826, "Episode/rew_vel_mismatch_exp": 0.00023927730217110366, "Episode/cost_acc_smoothness": 0.11986806988716125, "Episode/cost_base_height": 6.1579848988913e-05, "Episode/cost_collision": 3.4367914736321836e-07, "Episode/cost_dof_vel_limits": 7.957815250847489e-05, "Episode/cost_feet_air_time": 0.0, "Episode/cost_hip_pos": 0.00017345095693599433, "Episode/cost_pos_limit": 5.29369390278589e-05, "Episode/cost_stand_still": 0.0003697495849337429, "Episode/cost_torque_limit": 0.0, "Loss/value_function": 3.2492484115209665e-05, "Loss/surrogate": -0.01658694857615046, "Loss/learning_rate": 0.0011390624999999999, "Perf/total_fps": 5526, "Perf/collection time": 3.913242816925049, "Perf/learning_time": 0.5340425968170166, "Std/mean_std": 0.9716784358024597, "Std/std_dim_0": 0.9669944047927856, "Std/std_dim_1": 0.9797206521034241, "Std/std_dim_2": 0.9817950129508972, "Std/std_dim_3": 0.9711208343505859, "Std/std_dim_4": 0.9682958722114563, "Std/std_dim_5": 0.9660109877586365, "Std/std_dim_6": 0.9712933897972107, "Std/std_dim_7": 0.9659343957901001, "Std/std_dim_8": 0.9715816378593445, "Std/std_dim_9": 0.961033284664154, "Std/std_dim_10": 0.9864910840988159, "Std/std_dim_11": 0.9698700308799744, "Train/mean_reward": 0.0025628598959883675, "Train/mean_episode_length": 3.87, "_timestamp": 1733209292, "_runtime": 18, "_step": 2, "_wandb": {"runtime": 19}}